1,2,School,Name,Position,Gender,Position,a,b,c,d,e,f,g
,,Boston U,Mark Moss,Department Chair,1,3,38,78,5773,4294,1981,,
,,Boston U,David Harris,Department Chair,1,3,47,111,7274,3703,1988,2017,
,,Boston U,Ronald Corley,Department Chair,1,3,25,85,1678,1273,1973,2011,
,,Boston U,David Farb,Department Chair,1,3,38,91,5297,3644,1973,2015,
,,Boston U,David Atkinson,Department Chair,1,3,34,76,3258,2379,1972,,
,,Boston U,Keith Lewis,Department Chair,1,3,7,18,372,332,1988,2010,
,,Boston U,Jonathan Olshaker,Department Chair,1,3,19,63,1444,1412,1988,2017,
,,Boston U,Brian Jack,Department Chair,1,3,25,93,2550,2120,1987,,
,,Boston U,David Coleman,Department Chair,1,3,23,55,1898,1727,1980,1997,
,,Boston U,David Greer,Department Chair,1,3,28,167,2830,2274,2001,,
,,Boston U,Stephen Christiansen,Department Chair,1,3,19,78,1164,858,1987,2017,
,,Boston U,Daniel Remick,Department Chair,1,3,76,330,20064,16087,1985,,
,,Boston U,Robert Vinci,Department Chair,1,3,20,59,2183,1874,1988,2017,
,,Boston U,David Henderson,Department Chair,1,3,41,146,5681,4369,1979,,
,,Boston U,Jorge Soto,Department Chair,1,3,38,171,4992,3567,1995,,
,,Boston U,James Holsapple,Department Chair,1,3,9,22,337,324,1982,2017,
,,Boston U,Paul Tornetta III,Department Chair,1,3,51,305,8008,6424,1992,2017,
,,Boston U,Greg Grillone,Department Chair,1,3,16,52,734,718,1992,2017,
,,Boston U,Richard Babayan,Department Chair,1,3,24,85,1819,1716,1979,2017,
,,Boston U,Neil Kowall,Director,1,4,73,215,21273,16093,1985,,
,,Boston U,Avi Spira,Director,1,4,32,119,4177,3083,1997,2017,
,,Boston U,David Center,Director,1,4,47,140,8556,5573,1977,2017,
,,Boston U,Vasan Ramachandran,Director,1,4,129,701,73296,55686,1986,2016,
,,Boston U,Richard Myers,Director,1,4,79,274,29753,22472,1979,,
,,Boston U,Glenn Markenson,Director,1,4,22,62,1834,1622,1992,2014,
,,Boston U,Joseph Mizgerd,Director,1,4,33,87,3622,2836,1995,,
,,Boston U,Darrell Kotton,Director,1,4,33,81,4996,4204,2001,2017,
,,Boston U,David Kaufman,Director,1,4,54,157,9875,8354,1976,2017,
,,Boston U,Kenneth Walsh,Director,1,4,96,368,38702,28206,1979,2017,
,,Boston U,Vaishali Sanchorawala,Director,2,4,32,113,4143,1945,1998,,
,,Boston U,Maria Trojanowska,Director,2,4,47,142,6603,4368,1986,,
,,Boston U,Catherine Costello,Director,2,4,68,357,17263,13370,1971,2017,
,,Boston U,Tracy Battaglia,Director,2,4,16,66,1343,877,2000,2017,
,,Columbia,Tom Maniatis,Department Chair,1,3,125,286,57509,41477,1973,2017,
,,Columbia,George Hripcsak,Department Chair,1,3,44,258,7162,5092,1988,,
,,Columbia,Gerard Karsenty,Department Chair,1,3,100,334,42316,25218,1980,2017,
,,Columbia,Sankar Ghosh,Department Chair,1,3,78,230,40896,29801,1990,,
,,Columbia,Robert S Kass,Department Chair,1,3,64,217,12228,8360,1975,2017,
,,Columbia,Andrew R. Marks,Department Chair,1,3,79,241,21254,12514,1985,2017,
,,Columbia,Ansgar Brambrink,Department Chair,1,3,28,117,3454,2807,1994,2017,
,,Columbia,David R. Bickers,Department Chair,1,3,54,296,10683,8500,1972,2017,
,,Columbia,Donald W. Landry,Department Chair,1,3,48,150,9446,6098,1986,2017,
,,Columbia,Robert A. Solomon,Department Chair,1,3,62,367,11845,8994,1980,2017,
,,Columbia,Richard P. Mayeux,Department Chair,1,3,117,572,50841,34860,1978,,
,,Columbia,George A. Cioffi,Department Chair,1,3,38,156,4767,3646,1991,,
,,Columbia,William N. Levine,Department Chair,1,3,39,215,5007,4360,1993,2017,
,,Columbia,Lawrence R. Lustig,Department Chair,1,3,26,106,2599,2432,1992,,
,,Columbia,Kevin Roth,Department Chair,1,3,68,233,19438,16273,1978,2017,
,,Columbia,Lawrence R. Stanberry,Department Chair,1,3,41,198,5831,3810,1978,2017,
,,Columbia,Lawrence Schwartz,Department Chair,1,3,75,353,29303,25282,1958,,
,,Columbia,Craig R. Smith,Department Chair,1,3,67,355,24285,14758,1981,,
,,Columbia,Mary E. D'Alton,Department Chair,2,3,49,308,9283,7826,1984,,
,,Columbia,Richard Younge,Director,1,4,7,17,211,208,1982,2017,
,,Columbia,David J. Brenner,Director,1,4,62,399,21268,14833,1977,2017,
,,Columbia,David J. Rothman,Director,1,4,22,78,1926,1680,1980,2017,
,,Columbia,Cory Abate-Shen,Director,1,4,57,126,12103,9236,1988,2017,
,,Columbia,Riccardo Dalla-Favera,Director,1,4,111,327,39585,23738,1978,2017,
,,Columbia,Richard J. Deckelbaum,Director,1,4,56,327,12707,10596,1972,,
,,Columbia,Muredach P. Reilly,Director,1,4,81,302,29393,20966,1983,2017,
,,Columbia,Eric R. Kandel,Director,1,4,147,588,71890,38677,1960,2017,
,,Columbia,Serge Przedborski,Director,1,4,96,268,32307,22254,1984,,
,,Columbia,Darryl De Vivo,Director,1,4,61,294,11797,7965,1967,2017,
,,Columbia,Hynek Wichterle,Director,1,4,36,62,8647,7062,1995,2016,
,,Columbia,Michael L. Shelanski,Director,1,4,69,179,16859,13538,1967,2017,
,,Cornell,Frederick R Maxfield,Department Chair,1,3,78,249,22293,15765,1975,,
,,Cornell,Constantino Iadecola,Department Chair,1,3,82,348,30256,20006,1979,,
,,Cornell,Leonard N Girardi,Department Chair,1,3,19,142,1949,1904,1994,,
,,Cornell,Richard D Granstein,Department Chair,1,3,44,168,6389,5047,1980,,
,,Cornell,Ronald G Crystal,Department Chair,1,3,117,727,50739,33902,1969,2014,
,,Cornell,Anthony Hollenberg,Department Chair,1,3,43,113,5308,4082,1984,,
,,Cornell,Carl F Nathan,Department Chair,1,3,116,334,68873,48689,1971,2017,
,,Cornell,Philip E Stieg,Department Chair,1,3,36,167,6189,5717,1989,2017,
,,Cornell,Frank A Chervenak,Department Chair,1,3,45,526,7473,5605,1980,2017,
,,Cornell,Donald J D'Amico,Department Chair,1,3,39,185,6050,5252,1980,2017,
,,Cornell,Todd J Albert,Department Chair,1,3,58,369,12843,9676,1984,2017,
,,Cornell,Daniel M Knowles,Department Chair,1,3,87,288,35164,23254,1975,2016,
,,Cornell,Gerald M Loughlin,Department Chair,1,3,33,77,4484,3384,1976,2016,
,,Cornell,Harel Weinstein,Department Chair,1,3,62,297,14680,9548,1968,2017,
,,Cornell,Jack D. Barchas,Department Chair,1,3,59,351,14225,11784,1963,2017,
,,Cornell,Robert Min,Department Chair,1,3,20,69,2096,1392,2000,2017,
,,Cornell,Joel Stein,Department Chair,1,3,35,101,16897,15787,1992,2017,
,,Cornell,Zev Rosenwaks,Department Chair,1,3,72,475,19944,14639,1977,,
,,Cornell,Fabrizio Michelassi,Department Chair,1,3,47,180,8854,7790,1981,,
,,Cornell,Rainu Kaushal,Department Chair,2,3,39,189,8559,6485,2001,,
,,Cornell,Lorraine J Gudas,Department Chair,2,3,57,243,11602,7906,1974,2016,
,,Cornell,Silvia Formenti,Department Chair,2,3,51,236,10052,6982,1985,,
,,Cornell,Geoffrey S Pitt,Director,1,4,29,87,2586,1797,1988,2017,
,,Cornell,Paul Maciejewski,Director,1,4,42,102,7611,6021,1995,2017,
,,Cornell,David Artis,Director,1,4,67,160,16733,10760,1999,,
,,Cornell,Lucian Sulica,Director,1,4,20,93,1240,1008,1994,,
,,Cornell,Michael A Foley,Director,1,4,17,36,1337,1037,1994,2017,
,,Cornell,Virginia Pascual,Director,2,4,64,161,15625,11165,1990,2017,
,,Cornell,Holly G Prigerson,Director,2,4,63,259,15071,8699,1992,,
,,Cornell,Ellen Scherl,Director,2,4,20,62,1935,1853,1996,,
,,Duke,Richard Brennan,Department Chair,1,3,47,142,10053,7626,1980,2017,
,,Duke,Michael S. Krangel,Department Chair,1,3,49,131,7527,5025,1979,2017,
,,Duke,Joseph Heitman,Department Chair,1,3,95,442,30062,14959,1987,2017,
,,Duke,Stephen G. Lisberger,Department Chair,1,3,61,171,10324,5203,1974,2017,
,,Duke,Donald P. McDonnell,Department Chair,1,3,76,249,20390,14043,1985,2017,
,,Duke,Joseph P Mathew,Department Chair,1,3,42,185,7871,6247,1990,2017,
,,Duke,Russell P. Hall,Department Chair,1,3,35,139,4497,3795,1979,2017,
,,Duke,Joseph G. Rogers,Department Chair,1,3,47,202,10610,7104,1987,2017,
,,Duke,Richard J. O'Brien,Department Chair,1,3,42,84,7665,6437,1981,2017,
,,Duke,John Sampson,Department Chair,1,3,63,270,13165,8039,1992,2017,
,,Duke,Matthew D. Barber,Department Chair,1,3,49,211,8078,5452,1999,2017,
,,Duke,Ben Alman,Department Chair,1,3,48,200,7428,5809,1987,,
,,Duke,Jiaoti Huang,Department Chair,1,3,49,189,8098,6536,1990,,
,,Duke,Christopher G. Willett,Department Chair,1,3,71,357,18653,14406,1982,2017,
,,Duke,Erik Paulson,Department Chair,1,3,53,211,8617,7271,1988,2015,
,,Duke,Allan D. Kirk,Department Chair,1,3,56,263,11763,7775,1987,,
,,Duke,Elizabeth DeLong,Department Chair,2,3,61,172,20689,18393,1981,2017,
,,Duke,Brigid Hogan,Department Chair,2,3,114,310,41694,28133,1968,2017,
,,Duke,Ann M. Reed,Department Chair,2,3,42,139,4726,2865,1989,2017,
,,Duke,Gregory Wray,Director,1,4,42,135,8423,6680,1986,,
,,Duke,Allen W. Song,Director,1,4,30,105,3460,3025,1994,2017,
,,Duke,Nico Katsanis,Director,1,4,68,271,17893,9721,1995,2017,
,,Duke,Harvey J. Cohen,Director,1,4,72,435,19489,15238,1968,,
,,Duke,Michael B. Kastan,Director,1,4,76,182,39720,26113,1979,2017,
,,Duke,Eric D. Peterson,Director,1,4,134,1290,71004,47886,1994,,
,,Duke,Barton F. Haynes,Director,1,4,105,663,46572,26238,1973,,
,,Duke,Christopher B. Newgard,Director,1,4,87,347,27612,19488,1981,2017,
,,Emory,Jeremy M Boss,Department Chair,1,3,55,148,9002,6521,1980,2017,
,,Emory,C Ross Ethier,Department Chair,1,3,47,186,5961,3708,1986,,
,,Emory,Gari Clifford,Department Chair,1,3,31,191,4196,2751,2001,2017,
,,Emory,Gary J Bassell,Department Chair,1,3,51,120,9634,5350,1987,2017,
,,Emory,Stephen Warren,Department Chair,1,3,73,213,23630,11829,1975,2017,
,,Emory,Shawn Hochman,Department Chair,1,3,26,64,1916,1477,1991,2017,
,,Emory,Robert A Swerlick,Department Chair,1,3,37,120,5986,5348,1982,2017,
,,Emory,Theodore Johnson,Department Chair,1,3,27,102,2828,2010,1995,2017,
,,Emory,Sagar Lonial,Department Chair,1,3,68,316,20614,12991,1997,,
,,Emory,Robert Taylor,Department Chair,1,3,47,159,7947,6818,1993,2017,
,,Emory,Daniel Barrow,Department Chair,1,3,46,394,6491,5885,1982,2017,
,,Emory,Timothy W Olsen,Department Chair,1,3,32,108,3567,3124,1993,2017,
,,Emory,James Roberson,Department Chair,1,3,13,43,719,654,1983,2017,
,,Emory,Douglas Mattox,Department Chair,1,3,28,112,3887,3510,1977,,
,,Emory,Tristram Parslow,Department Chair,1,3,44,75,7491,5936,1982,2017,
,,Emory,Lucky Jain,Department Chair,1,3,30,116,2787,1997,1986,,
,,Emory,Mark Rapaport,Department Chair,1,3,48,220,8984,7700,1985,,
,,Emory,Walter Curran,Department Chair,1,3,75,412,23351,16670,1986,,
,,Emory,David T Burke,Department Chair,1,3,22,103,1576,1399,1994,2016,
,,Emory,John F Sweeney,Department Chair,1,3,27,113,2454,2291,1992,2017,
,,Emory,Martin G Sanda,Department Chair,1,3,51,183,12611,9853,1994,,
,,Emory,Laureen Hill,Department Chair,2,3,8,16,360,342,1998,2011,
,,Emory,Kate L. Heilpern,Department Chair,2,3,13,40,592,522,1995,2017,
,,Emory,Penny Castellano,Department Chair,2,3,3,3,130,130,1994,1998,
,,Emory,Carolyn Meltzer,Department Chair,2,3,67,204,13100,10186,1987,,
,,Emory,Rafi Ahmed,Director,1,4,108,404,50090,26556,1979,2017,
,,Emory,Clint Lawrence,Director,1,4,25,85,2283,2107,1977,2012,
,,Emory,Thomas C Pearson,Director,1,4,65,325,15099,10110,1975,2017,
,,Emory,Nancy Collop,Director,2,4,32,143,3719,3221,1991,,
,,Harvard,David C. Jimerson,Acting Department Head,1,3,51,163,7559,5892,1973,,
,,Harvard,Mark S. Bauer,Acting Department Head,1,3,47,195,7849,5620,1986,,
,,Harvard,Marshall Forstein,Acting Department Head,1,3,8,32,285,273,1984,2017,
,,Harvard,David P. Corey,Co-Director,1,4,67,138,13835,9165,1977,2017,
,,Harvard,James A. Tulsky,Co-Director,1,4,53,198,11133,7884,1992,,
,,Harvard,Cynthia C. Morton,Co-Director,2,4,73,310,19713,16436,1981,2017,
,,Harvard,Vicki A. Jackson,Co-Director,2,4,24,78,5538,4151,2003,2017,
,,Harvard,Stephen C. Blacklow,Department Head,1,3,52,123,10467,6737,1993,2017,
,,Harvard,Isaac S. Kohane,Department Head,1,3,64,401,21824,19084,1983,2017,
,,Harvard,Wade Harper,Department Head,1,3,95,239,37777,27898,1986,2017,
,,Harvard,Cliff Tabin,Department Head,1,3,91,223,30314,19317,1986,2017,
,,Harvard,Paul E. Farmer,Department Head,1,3,49,250,9164,6810,1986,,
,,Harvard,Michael E. Greenberg,Department Head,1,3,125,242,78394,55893,1979,,
,,Harvard,Marc W. Kirschner,Department Head,1,3,134,401,63532,42569,1971,2017,
,,Harvard,David T. Scadden,Department Head,1,3,91,354,35114,26245,1984,2017,
,,Harvard,Paul R. Hickey,Department Head,1,3,44,109,7875,5599,1973,2016,
,,Harvard,Daniel S. Talmor,Department Head,1,3,44,163,7123,5454,2001,,
,,Harvard,James P. Rathmell,Department Head,1,3,34,203,3524,2869,1993,,
,,Harvard,David Fisher,Department Head,1,3,72,272,22239,15478,1983,2017,
,,Harvard,Thomas S. Kupper,Department Head,1,3,67,233,14815,11365,1981,2017,
,,Harvard,Richard E. Wolfe,Department Head,1,3,20,80,1996,1844,1989,2017,
,,Harvard,Michael J. VanRooyen,Department Head,1,3,17,73,953,745,1994,2017,
,,Harvard,David F. M. Brown,Department Head,1,3,26,185,3453,3151,1995,2015,
,,Harvard,Mark L. Zeidel,Department Head,1,3,48,181,8586,6390,1986,,
,,Harvard,Joseph Loscalzo,Department Head,1,3,102,660,46710,37010,1973,2017,
,,Harvard,Martin A. Samuels,Department Head,1,3,16,87,1185,1141,1979,2017,
,,Harvard,Scott L Pomeroy,Department Head,1,3,56,153,23719,19918,1988,2017,
,,Harvard,Ron Alterman,Department Head,1,3,26,78,2787,2147,1990,,
,,Harvard,E. Antonio Chiocca,Department Head,1,3,65,404,14109,9196,1982,,
,,Harvard,Mark R. Proctor,Department Head,1,3,25,103,1840,1559,1999,2017,
,,Harvard,Bob S. Carter,Department Head,1,3,42,223,7568,6300,1996,,
,,Harvard,Robert L. Barbieri,Department Head,1,3,58,260,10514,8148,1977,2017,
,,Harvard,Jeffrey L. Ecker,Department Head,1,3,34,154,3828,3382,1992,2017,
,,Harvard,Mark C. Gebhardt,Department Head,1,3,63,227,15425,11010,1982,2017,
,,Harvard,James D. Kang,Department Head,1,3,,,,,,,
,,Harvard,Peter M. Waters,Department Head,1,3,38,186,4570,3055,1988,2017,
,,Harvard,Mitchell B. Harris,Department Head,1,3,41,205,4702,3846,1985,,
,,Harvard,D. Bradley Welling,Department Head,1,3,31,114,2436,2031,1988,,
,,Harvard,Jeffrey Saffitz,Department Head,1,3,75,312,18823,13257,1972,,
,,Harvard,Jeffrey A. Golden,Department Head,1,3,68,346,14977,12592,1977,2017,
,,Harvard,Mark D. Fleming,Department Head,1,3,56,144,15931,12349,1996,2017,
,,Harvard,David N. Louis,Department Head,1,3,105,360,52420,38203,1989,,
,,Harvard,Gary R. Fleisher,Department Head,1,3,43,223,6225,4807,1978,2017,
,,Harvard,Ronald E. Kleinman,Department Head,1,3,29,136,2780,2481,1977,,
,,Harvard,Ross D. Zafonte,Department Head,1,3,43,244,7353,5761,1991,,
,,Harvard,Richard Platt,Department Head,1,3,71,351,19472,15895,1978,2017,
,,Harvard,David R. Demaso,Department Head,1,3,29,106,2765,2256,1990,2017,
,,Harvard,Scott L. Rauch,Department Head,1,3,107,375,41965,25247,1985,2017,
,,Harvard,Jerrold F. Rosenbaum,Department Head,1,3,82,390,23252,16394,1977,2016,
,,Harvard,Jonathan B. Kruskal,Department Head,1,3,42,195,5567,4318,1986,,
,,Harvard,Giles W. L. Boland,Department Head,1,3,39,167,5555,3655,1993,2017,
,,Harvard,Richard L. Robertson Jr.,Department Head,1,3,42,126,6300,5091,1994,,
,,Harvard,James A. Brink,Department Head,1,3,43,148,5596,4578,1984,2017,
,,Harvard,Jay S. Loeffler,Department Head,1,3,89,384,24649,17676,1955,2017,
,,Harvard,Elliot Chaikof,Department Head,1,3,62,322,14820,11897,1984,,
,,Harvard,Gerard M. Doherty,Department Head,1,3,55,241,17163,13972,1989,2017,
,,Harvard,Robert C. Shamberger,Department Head,1,3,48,212,7233,5272,1981,,
,,Harvard,Keith D. Lillemoe,Department Head,1,3,91,528,32740,21409,1979,,
,,Harvard,Barbara J. McNeil,Department Head,2,3,70,263,33804,29611,1973,2017,
,,Harvard,Jeanine P. Wiener-Kronish,Department Head,2,3,52,200,9488,6873,1977,2017,
,,Harvard,Suzanne M. Olbricht,Department Head,2,3,15,46,785,738,1985,2017,
,,Harvard,Katrina Armstrong,Department Head,2,3,47,217,7337,6477,1999,2017,
,,Harvard,Merit E. Cudkowicz,Department Head,2,3,56,209,10323,7522,1989,,
,,Harvard,Hope A. Ricciotti,Department Head,2,3,8,34,234,230,1995,,
,,Harvard,Joan W. Miller,Department Head,2,3,53,161,12885,8607,1983,2010,
,,Harvard,Mary A. Stevenson,Department Head,2,3,35,75,5599,4382,1980,,
,,Harvard,Daphne A. Haas-Kogan,Department Head,2,3,40,153,7365,6129,1987,,
,,Harvard,Clifford B. Saper,Department Head / Associate Director,1,3,119,402,50272,30999,1973,,
,,Harvard,David M. Knipe,Department Head / Interim Co-Chair,1,3,61,224,11209,6150,1975,,
,,Harvard,Arlene H. Sharpe,Department Head / Interim Co-Chair,2,3,95,331,44692,29767,1978,2017,
,,Harvard,Robert D. Truog,Director,1,4,48,275,7692,5437,1989,,
,,Harvard,W. Allan Walker,Director,1,4,58,392,12153,8704,1966,2017,
,,Harvard,Russ Phillips,Director,1,4,86,280,21218,16816,1987,2017,
,,Harvard,Frank Slack,Director,1,4,64,167,25929,16976,1991,,
,,Harvard,Pier Paola Pandolfi,Director,1,4,127,503,57748,38280,1990,2017,
,,Harvard,Charles A. Czeisler,Director,1,4,93,290,30520,15315,1976,,
,,Harvard,Robert Griffin,Director,1,4,90,489,30719,13534,1964,2017,
,,Harvard,Laurie H. Glimcher,Director,2,4,113,394,46559,30724,1977,2017,
,,Harvard,Helene Langevin,Director,2,4,27,70,2717,1597,1999,,
,,Harvard,Christine Mitchell,Executive Director,2,3,16,72,1171,1065,1988,2015,
,,Johns Hopkins,William Nelson,Department Director,1,3,80,233,22067,16387,1982,2017,
,,Johns Hopkins,Gerald W. Hart,Department Director,1,3,92,285,24108,8982,1975,2017,
,,Johns Hopkins,Michael I. Miller,Department Director,1,3,66,349,15865,9396,1983,2017,
,,Johns Hopkins,L. Mario Amzel,Department Director,1,3,57,219,11097,8716,1969,2017,
,,Johns Hopkins,Peter Devreotes,Department Director,1,3,67,224,15065,6932,1975,2017,
,,Johns Hopkins,Sewon Kang,Department Director,1,3,63,203,15179,10459,1984,,
,,Johns Hopkins,Joseph Mankowski,Department Director,1,3,33,103,3475,2239,1994,,
,,Johns Hopkins,Gabor D. Kelen,Department Director,1,3,40,194,4665,3786,1977,,
,,Johns Hopkins,Andrew J. Satin,Department Director,1,3,22,78,1427,1190,1989,2017,
,,Johns Hopkins,Randall M. Packard,Department Director,1,3,16,34,585,512,1981,2016,
,,Johns Hopkins,Mark E. Anderson,Department Director,1,3,57,196,11390,7325,1994,2017,
,,Johns Hopkins,Justin McArthur,Department Director,1,3,100,442,35287,16184,1980,,
,,Johns Hopkins,Richard L. Huganir,Department Director,1,3,113,362,40274,22439,1979,,
,,Johns Hopkins,Henry Brem,Department Director,1,3,66,332,17012,11804,1974,,
,,Johns Hopkins,Peter J. McDonnell,Department Director,1,3,56,379,11736,8912,1979,2017,
,,Johns Hopkins,David W. Eisele,Department Director,1,3,44,239,5896,5043,1986,,
,,Johns Hopkins,James R. Ficke,Department Director,1,3,22,81,1426,1026,1993,2017,
,,Johns Hopkins,Ralph Hruban,Department Director,1,3,155,900,91772,51387,1984,,
,,Johns Hopkins,Philip A. Cole,Department Director,1,3,62,209,14773,11041,1986,2017,
,,Johns Hopkins,Pablo A. Celnik,Department Director,1,3,36,72,6851,4858,1995,2017,
,,Johns Hopkins,William B. Guggino,Department Director,1,3,75,296,22947,14611,1973,2017,
,,Johns Hopkins,W. P. Andrew Lee,Department Director,1,3,32,235,3868,2414,1986,,
,,Johns Hopkins,James B. Potash,Department Director,1,3,49,171,10107,7764,1991,,
,,Johns Hopkins,Theodore L. DeWeese,Department Director,1,3,44,164,7436,6383,1991,2017,
,,Johns Hopkins,Robert Higgins,Department Director,1,3,27,147,4201,3990,1988,,
,,Johns Hopkins,Alan W. Partin,Department Director,1,3,96,572,38708,23168,1987,,
,,Johns Hopkins,Colleen Koch,Department Director,2,3,31,102,4457,3646,1993,,
,,Johns Hopkins,Carol W. Greider,Department Director,2,3,67,107,30290,13311,1982,2017,
,,Johns Hopkins,Tina Lee Cheng,Department Director,2,3,29,171,2837,2532,1988,,
,,Johns Hopkins,Karen Horton,Department Director,2,3,46,234,7467,6451,1994,,
,,Johns Hopkins,Stephen Desiderio,Institute Director,1,4,40,87,5151,4134,1978,,
,,Johns Hopkins,Jeffrey D. Rothstein,Institute Director,1,4,93,294,34663,19422,1979,,
,,Johns Hopkins,David Valle,Institute Director,1,4,65,270,23063,19072,1973,2017,
,,McMaster,Norman Buckley,Department Chair,1,3,16,58,1149,1072,1988,2017,
,,McMaster,Holger Schunemann,Department Chair,1,3,95,561,45583,31445,1993,2017,
,,McMaster,David Price,Department Chair,1,3,8,27,167,160,2001,2017,
,,McMaster,Mark Crowther,Department Chair,1,3,84,481,28412,19768,1995,,
,,McMaster,Nicholas Leyland,Department Chair,1,3,19,88,1155,1106,1987,,
,,McMaster,Mark Levine,Department Chair,1,3,91,378,35218,26516,1983,2017,
,,McMaster,Nick Kates,Department Chair,1,3,16,71,758,597,1982,2017,
,,McMaster,David Koff,Department Chair,1,3,6,21,203,191,2005,2016,
,,McMaster,Karen Mossman,Department Chair,2,3,41,98,4240,3040,1992,2017,
,,McMaster,Sheri Findlay,Department Chair,2,3,8,19,209,206,2006,2017,
,,McMaster,Susan Reid,Department Chair,2,3,9,22,504,478,1999,,
,,McMaster,Jan Willem Gorter,Director,1,4,30,158,3200,2483,1991,,
,,McMaster,Jean-Eric Tarride,Director,1,4,23,125,2074,1936,1998,,
,,McMaster,Stephen Collins,Director,1,4,72,268,17082,10459,1978,2017,
,,McMaster,Carl Richards,Director,1,4,39,99,5440,4596,1983,2017,
,,McMaster,Mehran Anvari,Director,1,4,37,127,6150,5136,1989,,
,,McMaster,Mick Bhatia,Director,1,4,47,156,10639,7580,1994,2017,
,,McMaster,Donald M. Arnold,Director,1,4,31,128,3941,3215,2004,2017,
,,McMaster,Akbar Panju,Director,1,4,27,47,4355,3700,1986,2016,
,,McMaster,Jeff Weitz,Director,1,4,87,457,34137,23064,1984,,
,,McMaster,Sonia Anand,Director,2,4,69,294,24364,20866,1992,2016,
1,10,MIT,Howard M. Heller,Associate Medical Director,1,4,9,19,647,595,1990,2013,
,,MIT,Robert B. Gross,Deparment Chief,1,3,8,18,506,479,1974,1980,
,,MIT,Stephanie Shapiro,Department Chief,2,3,4,4,546,526,1998,2000,
,,MIT,Keith B. Isaacson,Director,1,4,27,94,1764,1622,1989,,
,,MIT,Tyler Jacks,Director,1,4,121,312,72787,51465,1985,2017,
,,MIT,Robert Desimone,Director,1,4,71,133,31511,17786,1979,2017,
,,MIT,Gigi Hirsch,Director,2,4,6,13,401,342,2009,2017,
,,MIT,Linda G. Griffith,Director,2,4,54,180,14896,12040,1983,2017,
,,MIT,Sangeeta Bhatia,Director,2,4,77,210,23111,17460,1994,2017,
,,Northwestern,Charles W Hogue,Department Chair,1,3,41,160,5349,4295,1990,,
,,Northwestern,Ali Shilatifard,Department Chair,1,3,66,183,17997,11018,1991,,
,,Northwestern,Robert D Goldman,Department Chair,1,3,80,271,18634,11019,1969,,
,,Northwestern,James G Adams,Department Chair,1,3,18,88,1403,1233,1990,2016,
,,Northwestern,David Cella,Department Chair,1,3,120,793,58390,37900,1984,,
,,Northwestern,Douglas E Vaughan,Department Chair,1,3,65,243,15192,11296,1973,2017,
,,Northwestern,Laimonis A Laimins,Department Chair,1,3,58,142,10397,6019,1978,2017,
,,Northwestern,Matt S Lesniak,Department Chair,1,3,41,210,7450,6010,1999,,
,,Northwestern,Dimitri Krainc,Department Chair,1,3,43,93,12549,10405,1993,,
,,Northwestern,Serder Bulun,Department Chair,1,3,65,223,14548,7704,1993,2017,
,,Northwestern,Nicholas J. Volpe,Department Chair,1,3,27,142,4187,3658,1991,2017,
,,Northwestern,Terrance Peabody,Department Chair,1,3,24,73,1780,1624,1991,,
,,Northwestern,Robert C Kern,Department Chair,1,3,42,189,5466,3433,1991,,
,,Northwestern,Daniel J Brat,Department Chair,1,3,61,250,16888,13361,1992,,
,,Northwestern,Thomas Shanley,Department Chair,1,3,45,171,6430,5077,1995,2017,
,,Northwestern,Alfred L George,Department Chair,1,3,75,304,20121,11626,1978,2017,
,,Northwestern,Elliot J Roth,Department Chair,1,3,43,188,5161,4286,1985,2017,
,,Northwestern,Jules P.A Dewald,Department Chair,1,3,29,129,3276,1982,1993,,
,,Northwestern,D James Surmeier,Department Chair,1,3,75,239,19954,12267,1985,,
,,Northwestern,John G Csernansky,Department Chair,1,3,63,326,14431,11426,1975,,
,,Northwestern,Bharat B Mittal,Department Chair,1,3,40,128,4755,3729,1980,2017,
,,Northwestern,Eric J Russell,Department Chair,1,3,33,172,4097,3780,1978,2017,
,,Northwestern,Nathaniel J Soper,Department Chair,1,3,57,278,12940,10578,1982,,
,,Northwestern,Edward M Schaeffer,Department Chair,1,3,31,263,4616,3919,1999,,
,,Northwestern,Amy S Paller,Department Chair,2,3,60,403,12972,10385,1982,2017,
,,Northwestern,Richard D'Aquila,Director,1,4,52,135,9982,7273,1986,2017,
,,Northwestern,Peter Penzes,Director,1,4,31,78,3820,2514,1996,2017,
,,Northwestern,Bruce Lambert,Director,1,4,20,76,1435,1238,1993,,
,,Northwestern,Justin Starren,Director,1,4,29,127,3086,2455,1981,,
,,Northwestern,Sanjay Mehrotra,Director,1,4,17,95,965,796,1988,,
,,Northwestern,Abel Kho,Director,1,4,21,86,2285,1609,2005,,
,,Northwestern,Hossein Ardehali,Director,1,4,30,82,2682,2343,1995,,
,,Northwestern,Philip Greenland,Director,1,4,91,433,38887,29917,1972,,
,,Northwestern,Stephen D Persell,Director,1,4,21,102,1937,1778,2004,2017,
,,Northwestern,Guillermo Oliver,Director,1,4,55,100,11050,6678,1985,2017,
,,Northwestern,Brian Mustanski,Director,1,4,38,189,4493,2933,2001,,
,,Northwestern,Jack M Rozental,Director,1,4,17,39,1190,1083,1970,2011,
,,Northwestern,Steven A Gard,Director,1,4,20,64,1215,1006,1991,2017,
,,Northwestern,Leonidas Platanias,Director,1,4,65,309,16185,11775,1985,,
,,Northwestern,Katherine L Wisner,Director,2,4,51,234,9323,5964,1982,,
,,Northwestern,Bonnie J Spring,Director,2,4,50,247,8551,7271,1976,,
,,Northwestern,Kelly N Michelson,Director,2,4,12,32,388,354,1997,,
,,Northwestern,Phyllis Zee,Director,2,4,47,245,7066,5444,1991,,
,,Northwestern,Jane L Holl,Director,2,4,28,128,2710,2295,1995,2017,
,,Northwestern,Elizabeth McNally,Director,2,4,55,224,10502,6942,1983,2017,
,,Northwestern,Xunrong Luo,Director,2,4,28,67,4994,3598,1993,,
,,Northwestern,Tamara Isakova,Director,2,4,30,84,6272,3154,2005,,
,,Northwestern,Sue Quaggin,Director,2,4,51,136,10656,8676,1991,,
,,Northwestern,Anaadriana Zakarija,Director,2,4,16,28,806,745,2002,2015,
,,Northwestern,Melinda Ring,Director,2,4,2,9,17,17,2003,2017,
,,Stanford,Ronald Pearl,Department Chair,1,3,33,132,5388,4386,1981,2017,
,,Stanford,Carlos Bustamante,Department Chair,1,3,76,225,26754,18845,2000,2017,
,,Stanford,Norbert Pelc,Department Chair,1,3,56,289,10890,7682,1977,2017,
,,Stanford,James K. Chen,Department Chair,1,3,26,61,5451,3684,2000,2017,
,,Stanford,Paul A. Khavari,Department Chair,1,3,52,126,9828,7198,1987,2017,
,,Stanford,Roeland Nusse,Department Chair,1,3,88,217,38884,24006,1975,2017,
,,Stanford,S.V. Mahadevan,Department Chair,1,3,7,36,242,242,1994,2017,
,,Stanford,Michael Snyder,Department Chair,1,3,19,25,5550,5279,1998,2010,
,,Stanford,Laurence Baker,Department Chair,1,3,41,155,5891,5056,1993,2017,
,,Stanford,Robert Harrington,Department Chair,1,3,102,589,42914,26466,1991,,
,,Stanford,Peter Sarnow,Department Chair,1,3,56,120,13056,9139,1982,2017,
,,Stanford,Axel Brunger,Department Chair,1,3,93,279,48956,36423,1980,2017,
,,Stanford,Thomas Clandinin,Department Chair,1,3,26,75,1961,1132,1998,2017,
,,Stanford,Frank M. Longo,Department Chair,1,3,43,110,7424,5301,1980,2017,
,,Stanford,Gary K. Steinberg,Department Chair,1,3,80,540,20742,15375,1982,,
,,Stanford,Jeffrey L. Goldberg,Department Chair,1,3,28,101,3473,2597,1998,,
,,Stanford,William J. Maloney,Department Chair,1,3,58,218,9641,7617,1985,,
,,Stanford,Robert K. Jackler,Department Chair,1,3,42,234,5325,4181,1982,,
,,Stanford,Thomas Montine,Department Chair,1,3,10,45,1633,1609,2002,,
,,Stanford,Sanjiv Sam Gambhir,Department Chair,1,3,108,665,48876,30691,1987,,
,,Stanford,William Weis,Department Chair,1,3,72,177,26519,15657,1988,2017,
,,Stanford,Suzanne Pfeffer,Department Chair,2,3,52,170,11476,8731,1976,,
,,Stanford,Mary Leonard,Department Chair,2,3,48,225,7854,5588,1998,,
,,Stanford,Sherril L. Green,Department Chair,2,3,13,34,526,480,1996,2017,
,,Stanford,Leslee L. Subak,Department Chair,2,3,35,97,5006,3902,1995,,
,,Stanford,Laura Roberts,Department Chair,2,3,27,285,2976,1987,1995,2017,
,,Stanford,Quynh-Thu Le,Department Chair,2,3,62,263,13772,11513,1994,2017,
,,Stanford,Mary Hawn,Department Chair,2,3,32,143,3183,2755,1989,,
,,Stanford,Eila C. Skinner,Department Chair,2,3,41,155,9014,6794,1984,,
,,Stanford,Joseph C. Wu,Director,1,4,68,385,15648,10345,1998,,
,,Stanford,Mark M. Davis,Director,1,4,110,377,44520,28912,1976,,
,,Stanford,Irving Weissman,Director,1,4,157,864,104981,65307,1957,,
,,Stanford,Crystal Mackall,Director,2,4,60,187,13911,9019,1984,,
,,Stanford,Beverly S. Mitchell,Director,2,4,46,144,6261,4700,1969,2016,
,,U Chicago,Jeffrey Apfelbaum,Department Chair,1,3,32,111,4031,3651,1984,2016,
,,U Chicago,Geoffrey L Greene,Department Chair,1,3,61,181,20637,14471,1974,,
,,U Chicago,Bernard Ewigman,Department Chair,1,3,28,104,3468,3097,1987,2017,
,,U Chicago,Everett E. Vokes,Department Chair,1,3,89,571,32942,23904,1985,2017,
,,U Chicago,Olaf Schneewind,Department Chair,1,3,78,261,20350,9927,1988,,
,,U Chicago,Thomas Kelly,Department Chair,1,3,42,124,6549,5814,1978,2017,
,,U Chicago,Ernst Lengyel,Department Chair,1,3,46,126,9234,7649,1993,,
,,U Chicago,Daniel A Arber,Department Chair,1,3,49,238,11108,9586,1991,,
,,U Chicago,John M Cunningham,Department Chair,1,3,34,93,4238,3487,1993,2017,
,,U Chicago,Daniel Yohanna,Department Chair,1,3,5,12,184,184,1994,2017,
,,U Chicago,Ralph R Weichselbaum,Department Chair,1,3,97,722,38354,27598,1975,2017,
,,U Chicago,David Paushter,Department Chair,1,3,16,60,1273,1241,1983,2017,
,,U Chicago,Jeffrey B Matthews,Department Chair,1,3,39,178,4334,3694,1980,2017,
,,U Chicago,Susan C Levine,Department Chair,2,3,37,109,4319,2963,1982,2017,
,,U Chicago,Mark Siegler,Director,1,4,44,218,6950,5865,1975,2017,
,,U Chicago,James A Mastrianni,Director,1,4,25,47,4385,3603,1983,2016,
,,U Chicago,Mark J Ratain,Director,1,4,75,490,24172,18190,1985,,
,,U Chicago,John Maunsell,Director,1,4,59,126,16992,11079,1980,,
,,U Chicago,Martin Weigert,Director,1,4,52,132,11082,5553,1965,2016,
,,U Chicago,Marcus R Clark,Director,1,4,36,74,3780,3007,1989,2017,
,,U Chicago,Robert Grossman,Director,1,4,26,147,4590,4182,1989,,
,,U Chicago,Nanduri R Prabhakar,Director,1,4,52,274,9100,5016,1978,,
,,U Chicago,Julian Solway,Director,1,4,46,194,7999,6233,1978,2017,
,,U Chicago,Chun-Su Yuan,Director,1,4,54,273,10907,6983,1995,2017,
,,U Chicago,Melissa Gilliam,Director,2,4,23,113,1287,1133,2000,,
,,U Chicago,Michelle M. Le Beau,Director,2,4,90,435,35490,28368,1983,2017,
,,U Chicago,Susan Cohn,Director,2,4,56,214,10723,6209,1986,,
,,U of Michigan,Daniel J. Goldman,Department Chair,1,3,39,105,5184,3580,1975,2017,
,,U of Michigan,Pierre A. Coulombe,Department Chair,1,3,56,144,9168,5140,1984,2017,
,,U of Michigan,Brian D. Athey,Department Chair,1,3,23,82,3471,3289,1986,2017,
,,U of Michigan,David T. Burke,Department Chair,1,3,34,97,5914,4862,1986,2017,
,,U of Michigan,Charles P. Friedman,Department Chair,1,3,24,170,2227,1963,1971,2017,
,,U of Michigan,Harry L. T. Mobley,Department Chair,1,3,65,249,16374,9715,1977,2017,
,,U of Michigan,Santiago D. Schnell,Department Chair,1,3,25,113,2395,1803,1994,2017,
,,U of Michigan,Kevin K. Tremper,Department Chair,1,3,43,226,6424,4877,1976,2017,
,,U of Michigan,Richard L. Prager,Department Chair,1,3,31,133,3570,3211,1973,,
,,U of Michigan,John J. Voorhees,Department Chair,1,3,93,627,33283,19779,1968,,
,,U of Michigan,Robert W. Neumar,Department Chair,1,3,46,107,18235,15647,1990,2017,
,,U of Michigan,Philip Zazove,Department Chair,1,3,15,51,679,457,1988,2017,
,,U of Michigan,John M. Carethers,Department Chair,1,3,37,196,5539,4055,1987,2017,
,,U of Michigan,David J. Fink,Department Chair,1,3,50,177,7529,4629,1977,2016,
,,U of Michigan,Paul P. Lee,Department Chair,1,3,43,291,8459,6586,1986,,
,,U of Michigan,James E. Carpenter,Department Chair,1,3,31,100,3160,2583,1992,,
,,U of Michigan,Charles A Parkos,Department Chair,1,3,65,233,14014,8958,1984,2017,
,,U of Michigan,Edward A. Hurvitz,Department Chair,1,3,22,72,1562,1399,1988,,
,,U of Michigan,Gregory W. Dalack,Department Chair,1,3,26,61,2953,2568,1982,2017,
,,U of Michigan,Theodore S. Lawrence,Department Chair,1,3,73,443,18315,12591,1977,,
,,U of Michigan,Nicholas Reed Dunnick,Department Chair,1,3,50,347,8886,6789,1974,2017,
,,U of Michigan,Michael W. Mulholland,Department Chair,1,3,30,187,3323,2832,1982,,
,,U of Michigan,David A. Bloom,Department Chair,1,3,37,207,4127,3649,1974,2017,
,,U of Michigan,Lonnie D. Shea,Department Chair,2,3,54,226,9235,5574,1994,,
,,U of Michigan,Lori L. Isom,Department Chair,2,3,47,94,7076,3275,1981,2017,
,,U of Michigan,Karin M. Muraszko,Department Chair,2,3,35,150,5142,4444,1978,,
,,U of Michigan,Dee E. Fenner,Department Chair,2,3,31,134,3737,3188,1982,,
,,U of Michigan,Valerie P. Opipari,Department Chair,2,3,33,85,4281,3790,1986,,
,,U of Michigan,Charles F. Burant,Director,1,4,49,157,10713,9370,1979,2017,
,,U of Michigan,Eugene Chen,Director,1,4,46,184,6864,5372,2000,,
,,U of Michigan,Gilbert S. Omenn,Director,1,4,62,478,24299,20305,1961,2017,
,,U of Michigan,Tom Schmidt,Director,1,4,51,111,16865,14536,1985,2017,
,,U of Michigan,Gary Luker,Director,1,4,41,141,6691,5341,1993,,
,,U of Michigan,James M. Cooke,Director,1,4,4,9,61,60,2004,,
,,U of Michigan,John Greden,Director,1,4,53,227,10845,8765,1965,2017,
,,U of Michigan,Sub Pennathur,Director,1,4,43,125,9096,8012,1993,,
,,U of Michigan,Raymond Yung,Director,1,4,29,70,2928,2065,1993,2017,
,,U of Michigan,John Z. Ayanian,Director,1,4,74,309,19055,15184,1982,,
,,U of Michigan,Henry Paulson,Director,1,4,58,184,12854,8027,1987,,
,,U of Michigan,Kevin Ward,Director,1,4,25,196,2352,2032,1989,2017,
,,U of Michigan,Arul Chinnaiyan,Director,1,4,114,455,58224,37107,1993,,
,,U of Michigan,Martin G. Myers,Director,1,4,76,208,19827,11585,1991,,
,,U of Michigan,Chung Owyang,Director,1,4,50,246,8577,6143,1976,,
,,U of Michigan,Randy J. Seeley,Director,1,4,81,333,27841,17830,1989,2017,
,,U of Michigan,Reshma Jagsi,Director,2,4,38,236,4738,3776,2004,,
,,U of Michigan,Deneen Wellik,Director,2,4,19,44,1635,1220,1995,2017,
,,U of Michigan,Denise E. Kirschner,Director,2,4,37,124,5305,3638,1993,2017,
,,U of Michigan,Lisa Prosser,Director,2,4,27,95,3121,2790,2000,2017,
,,U of North C,Fernando Pardo Manuel-de-Villena,Department Chair,1,3,34,121,4403,2717,1990,,
,,U of North C,William Goldman,Department Chair,1,3,45,117,5642,3557,1980,2017,
,,U of North C,J. Charles Jennette,Department Chair,1,3,80,328,30229,18494,1975,,
,,U of North C,Henrik Dohlman,Department Chair,1,3,45,119,8314,6071,1984,,
,,U of North C,Jonathan Oberlander,Department Chair,1,3,17,65,770,653,1995,,
,,U of North C,Stephen R Hooper,Department Chair,1,3,37,199,4118,3242,1985,,
,,U of North C,David Zvara,Department Chair,1,3,16,51,680,639,1990,2017,
,,U of North C,William J Powers,Department Chair,1,3,55,208,24343,20806,1981,2017,
,,U of North C,Donald L. Budenz,Department Chair,1,3,52,217,9100,6037,1985,,
,,U of North C,Edmund Campion,Department Chair,1,3,8,11,351,351,1990,2012,
,,U of North C,Harold C. Pillsbury,Department Chair,1,3,38,225,4941,4330,1972,,
,,U of North C,Kevin Kelly,Department Chair,1,3,29,95,2598,1762,1984,2017,
,,U of North C,Lawrence B Marks,Department Chair,1,3,64,433,16166,11080,1988,,
,,U of North C,Matthew A Mauro,Department Chair,1,3,35,162,3799,3475,1980,2011,
,,U of North C,Raj S. Pruthi,Department Chair,1,3,40,177,4975,3708,1988,,
,,U of North C,Leslie Parise,Department Chair,2,3,42,97,5793,4644,1981,2017,
,,U of North C,Nancy Allbritton,Department Chair,2,3,38,175,5766,4248,1988,,
,,U of North C,Kathleen Caron,Department Chair,2,3,24,63,2511,1808,1995,2017,
,,U of North C,Nancy Thomas,Department Chair,2,3,29,101,2919,2493,1980,,
,,U of North C,Jane Brice,Department Chair,2,3,19,81,999,918,1996,2017,
,,U of North C,Melina Kibbe,Department Chair,2,3,32,213,3839,3082,1990,,
,,U of North C,Weili Lin,Director,1,4,57,263,9686,7089,1991,2016,
,,U of North C,Fulton T. Crews,Director,1,4,60,226,11970,8084,1977,2017,
,,U of North C,Joseph Piven,Director,1,4,70,194,19768,12596,1990,,
,,U of North C,Eric Juengst,Director,1,4,23,88,1769,1561,1980,2017,
,,U of North C,David B. Peden,Director,1,4,40,173,4829,3782,1980,,
,,U of North C,William E Whitehead,Director,1,4,70,306,20677,12198,1972,2017,
,,U of North C,Robert S Sandler,Director,1,4,69,417,25578,20353,1975,2017,
,,U of North C,Wayne Price,Director,1,4,15,36,630,544,1992,,
,,U of North C,Richard C Boucher,Director,1,4,105,499,38069,19091,1968,2017,
,,U of North C,Kevin Brown,Director,1,4,11,27,579,514,2001,,
,,U of North C,Robert J Duronio,Director,1,4,38,89,4456,3132,1989,,
,,U of North C,Myron S. Cohen,Director,1,4,84,481,28941,19826,1977,2017,
,,U of North C,William Arendshorst,Director,1,4,41,156,4596,3040,1970,2016,
,,U of North C,Shelton Earp,Director,1,4,60,175,15214,11633,1970,,
,,U of North C,Mark Zylka,Director,1,4,34,76,6416,4344,1996,2017,
,,U of North C,Jan Busby-Whitehead,Director,2,4,22,79,1581,1515,1993,2017,
,,U of North C,Giselle Corbie-Smith,Director,2,4,29,117,3624,3011,1999,2017,
,,U of North C,Kate Menard,Director,2,4,24,71,2559,2202,1988,2017,
,,U of North C,Wendy Brewster,Director,2,4,23,62,2149,1796,1997,2015,
,,U of North C,Victoria Bautch,Director,2,4,34,101,3635,2917,1982,,
,,U of Penn,Harold I. Feldman,Department Chair,1,3,59,303,21852,17985,1989,2017,
,,U of Penn,Lewis A. Chodosh,Department Chair,1,3,51,147,10438,8988,1982,2017,
,,U of Penn,Daniel J. Rader,Department Chair,1,3,122,745,61268,39862,1983,,
,,U of Penn,Ezekiel J. Emanuel,Department Chair,1,3,72,388,19100,15399,1987,,
,,U of Penn,Frederic Bushman,Department Chair,1,3,88,292,36830,23533,1985,,
,,U of Penn,John A. Dani,Department Chair,1,3,52,134,11803,7408,1981,,
,,U of Penn,J Kevin Foskett,Department Chair,1,3,49,154,8663,5942,1981,2017,
,,U of Penn,Garret A. FitzGerald,Department Chair,1,3,112,596,46414,30040,1976,,
,,U of Penn,Lee A. Fleisher,Department Chair,1,3,66,401,16797,12812,1991,2017,
,,U of Penn,Ed Dickinson,Department Chair,1,3,9,37,307,302,1992,2015,
,,U of Penn,Michael S. Parmacek,Department Chair,1,3,47,102,7498,5718,1985,2017,
,,U of Penn,M. Sean Grady,Department Chair,1,3,53,197,7924,6580,1985,2017,
,,U of Penn,David B. Roth,Department Chair,1,3,40,98,5846,3320,1985,2017,
,,U of Penn,Joseph W. St. Geme,Department Chair,1,3,10,46,678,657,1958,2017,
,,U of Penn,Timothy R. Dillingham,Department Chair,1,3,23,76,2313,1751,1988,2016,
,,U of Penn,James M. Metz,Department Chair,1,3,25,104,1663,1429,1994,,
,,U of Penn,Mitchell D. Schnall,Department Chair,1,3,71,308,20531,13750,1985,,
,,U of Penn,Ronald DeMatteo,Department Chair,1,3,92,457,30415,19788,1994,,
,,U of Penn,Kristen Lynch,Department Chair,2,3,27,58,2664,1908,1995,2017,
,,U of Penn,Nancy A. Speck,Department Chair,2,3,54,137,11370,5362,1981,,
,,U of Penn,Frances Jensen,Department Chair,2,3,50,138,9468,6689,1984,2017,
,,U of Penn,Deborah A. Driscoll,Department Chair,2,3,48,123,8605,5607,1988,2017,
,,U of Penn,Joan M. O'Brien,Department Chair,2,3,31,136,3903,2887,1989,2017,
,,U of Penn,Robert H. Vonderheide,Director,1,4,52,142,9323,6867,1992,2017,
,,U of Penn,Anil K. Rustgi,Director,1,4,68,323,16118,13930,1987,2017,
,,U of Penn,David A. Piccoli,Director,1,4,45,144,7735,4746,1986,2017,
,,U of Penn,Allan I. Pack,Director,1,4,67,327,17262,12234,1970,2017,
,,U of Penn,Jason H. Moore,Director,1,4,64,474,17716,11336,1993,2017,
,,U of Penn,Mitchell A. Lazar,Director,1,4,106,285,41570,28346,1987,2017,
,,U of Penn,E. John Wherry,Director,1,4,70,177,25239,13888,1997,,
,,U of Penn,Ken Zaret,Director,1,4,58,143,13375,8528,1982,,
,,U of Penn,Dan Polsky,Director,1,4,33,175,3822,3478,1997,,
,,U of Penn,Ronald G. Collman,Director,1,4,54,152,11059,8324,1989,2017,
,,U of Penn,Edward E. Morrisey,Director,1,4,58,144,11587,8107,1995,,
,,U of Penn,David Asch,Director,1,4,55,335,11379,9910,1988,,
,,U of Penn,Shelley L. Berger,Director,2,4,78,187,21842,14999,1985,2017,
,,U of Penn,Raquel E. Gur,Director,2,4,101,527,32908,21418,1973,,
,,U of Toronto,Gary Lewis,Centre Director,1,4,50,173,9637,6954,1990,,
,,U of Toronto,Michael E. Farkouh,Centre Director,1,4,45,242,13590,11451,1991,,
,,U of Toronto,Daniel Sellen,Centre Director,1,4,20,62,1080,849,1990,2017,
,,U of Toronto,Stephen Scherer,Centre Director,1,4,101,511,46928,31573,1990,,
,,U of Toronto,Peter St George-Hyslop,Centre Director,1,4,89,424,40086,24853,1982,,
,,U of Toronto,Brenda Andrews,Centre Director,2,4,61,196,15620,9805,1982,,
,,U of Toronto,Maria Tassone,Centre Director,2,4,4,11,164,162,2002,2017,
,,U of Toronto,Justin Nodwell,Department Chair,1,3,26,57,1922,1298,1991,2017,
,,U of Toronto,Michael Kidd,Department Chair,1,3,19,152,1761,1546,1991,2017,
,,U of Toronto,Juan Carlos Zuniga-Pflucker,Department Chair,1,3,53,176,10427,6922,1988,2017,
,,U of Toronto,Thomas Kislinger,Department Chair,1,3,43,131,8189,6449,1997,,
,,U of Toronto,Alan Moody,Department Chair,1,3,29,113,2904,2154,1988,,
,,U of Toronto,John Kingdom,Department Chair,1,3,55,335,10891,7841,1983,,
,,U of Toronto,Sherif El-Defrawy,Department Chair,1,3,11,38,361,329,1996,2017,
,,U of Toronto,Ian J. Witterick,Department Chair,1,3,29,178,2557,2393,1991,,
,,U of Toronto,Ronald D. Cohn,Department Chair,1,3,30,81,5655,4248,1996,2017,
,,U of Toronto,Graham L. Collingridge,Department Chair,1,3,88,349,37621,24204,1978,,
,,U of Toronto,Benoit H. Mulsant,Department Chair,1,3,69,465,19351,13330,1984,,
,,U of Toronto,James T. Rutka,Department Chair,1,3,71,657,21253,16293,1984,,
,,U of Toronto,Beverley Orser,Department Chair,2,3,44,168,7478,5772,1988,2017,
,,U of Toronto,Rita Kandel,Department Chair,2,3,51,245,9516,7130,1981,,
,,U of Toronto,Gillian Hawker,Department Chair,2,3,69,257,19023,15549,1990,,
,,U of Toronto,Leah Cowen,Department Chair,2,3,32,72,3343,1923,1999,2017,
,,U of Toronto,Susan Rappolt,Department Chair,2,3,17,40,1284,1119,1997,2017,
,,U of Toronto,Ruth A. Ross,Department Chair,2,3,38,68,6031,4426,1970,2017,
,,U of Toronto,Darlene Reid,Department Chair,2,3,26,95,2211,1843,1983,2017,
,,U of Toronto,Fei-Fei Liu,Department Chair,2,3,47,189,8613,7543,1986,2017,
,,U of Toronto,Warren Chan,Institute Director,1,4,52,124,26877,19816,1998,2016,
,,U of Toronto,Mingyao Liu,Institute Director,1,4,52,247,9919,6715,1991,,
,,U of Toronto,Angela Colantonio,Institute Director,2,4,27,183,3075,2527,1986,2017,
,,U of Toronto,Esme Fuller-Thomson,Institute Director,2,4,24,122,2438,1947,1994,2017,
1,5,U of Toronto,David Latter,Medical Director,1,4,21,71,2153,2087,1985,2017,
,,U of Washington,C. Michael Crowder,Department Chair,1,3,21,46,1279,1035,1982,2017,
,,U of Washington,Peter Tarczy-Hornoch,Department Chair,1,3,25,98,1760,1496,1994,2016,
,,U of Washington,Robert H. Waterston,Department Chair,1,3,77,191,47738,37002,1970,2017,
,,U of Washington,Geoffrey Baird,Department Chair,1,3,21,56,5835,4790,1996,,
,,U of Washington,William J. Bremner,Department Chair,1,3,67,276,16067,10492,1974,2017,
,,U of Washington,James Champoux,Department Chair,1,3,46,114,8606,4772,1969,2012,
,,U of Washington,Richard G. Ellenbogen,Department Chair,1,3,49,276,13206,11931,1980,2017,
,,U of Washington,Bruce R. Ransom,Department Chair,1,3,66,193,13012,8748,1973,2017,
,,U of Washington,Hunter Wessells,Department Chair,1,3,38,159,4140,3196,1996,2017,
,,U of Washington,Douglas E. Wood,Department Chair,1,3,57,207,10724,8884,1991,2017,
,,U of Washington,Peter C. Esselman,Department Chair,1,3,33,80,4623,3988,1983,2017,
,,U of Washington,William P. Shuman,Department Chair,1,3,39,169,5296,4794,1979,2017,
,,U of Washington,Jurgen Unutzer,Department Chair,1,3,70,268,17493,11267,1991,,
,,U of Washington,Stanley C. Froehner,Department Chair,1,3,55,152,9636,5669,1968,2016,
,,U of Washington,John D. Scott,Department Chair,1,3,85,252,22921,12063,1982,2017,
,,U of Washington,Charles Alpers,Department Chair,1,3,76,333,22684,16740,1977,2016,
,,U of Washington,Neal D Futran,Department Chair,1,3,34,128,7377,6463,1980,2017,
,,U of Washington,Howard Chansky,Department Chair,1,3,18,40,1241,1078,1991,,
,,U of Washington,Russell Van Gelder,Department Chair,1,3,33,148,4880,4096,1990,2017,
,,U of Washington,Trisha N Davis,Department Chair,2,3,40,109,4840,3319,1982,2017,
,,U of Washington,Cecilia Giachelli,Department Chair,2,3,73,188,18153,10962,1984,,
,,U of Washington,Denise Dudzinski,Department Chair,2,3,9,38,277,266,2001,2017,
,,U of Washington,Rachel Wong,Department Chair,2,3,47,139,7772,4932,1986,2017,
,,U of Washington,Thea Brabb,Department Chair,2,3,12,28,634,548,1995,,
,,U of Washington,Susan A. Stern,Department Chair,2,3,18,43,1424,1022,1992,2016,
,,U of Washington,Judith Wasserheit,Department Chair,2,3,30,93,6296,5480,1984,2017,
,,U of Washington,Joan Goverman,Department Chair,2,3,34,70,5775,4666,1981,2017,
,,U of Washington,Nina Mayr,Department Chair,2,3,39,210,6603,5489,1990,2017,
,,U of Washington,Barbara Goff,Department Chair,2,3,53,185,8039,6467,1986,,
,,U of Washington,Thomas Grabowski,Director,1,4,39,128,7675,6479,1992,,
,,U of Washington,King Holmes,Director,1,4,93,629,33446,23375,1965,2017,
,,U of Washington,Mark Reisman,Director,1,4,32,92,5124,4212,1994,2017,
,,U of Washington,Dimitri Christakis,Director,1,4,60,237,11080,8879,1984,,
,,U of Washington,Irv Bernstein,Director,1,4,79,296,19577,12615,1970,2017,
,,U of Washington,Arnold Smith,Director,1,4,48,280,9234,6982,1969,2016,
,,U of Washington,Randall T Moon,Director,1,4,100,293,35146,20988,1981,2017,
,,U of Washington,Phil Morgan,Director,1,4,26,82,2049,1275,1985,2017,
,,U of Washington,Charles Chavkin,Director,1,4,62,186,12537,8168,1976,2017,
,,U of Washington,Wesley C Van Voorhis,Director,1,4,51,253,9164,6205,1979,,
,,U of Washington,Michael Bamshad,Director,1,4,69,233,19240,13943,1989,,
,,U of Washington,Peter Roy-Byrne,Director,1,4,68,399,15442,12133,1981,,
,,U of Washington,David Rawlings,Director,1,4,56,171,11109,7663,1980,,
,,U of Washington,William Altemeier,Director,1,4,25,63,1824,1491,1991,2017,
,,U of Washington,Jan Carline,Director,1,4,25,81,2840,2385,1980,2017,
,,U of Washington,William J Bremner,Director,1,4,67,276,16067,10492,1974,2017,
,,U of Washington,Michael G Katze,Director,1,4,82,322,21360,13213,1978,2017,
,,U of Washington,Kurt Johnson,Director,1,4,23,73,1296,1135,1990,,
,,U of Washington,Dagmar Amtmann,Director,1,4,28,136,3173,2441,1997,,
,,U of Washington,David Flum,Director,1,4,49,268,10039,8315,1995,,
,,U of Washington,Jeffrey Jarvik,Director,1,4,39,191,6418,5267,1988,,
,,U of Washington,Steven Kahn,Director,1,4,91,355,33430,25607,1985,2017,
,,U of Washington,Paul Lange,Director,1,4,60,381,13763,11259,1973,2017,
,,U of Washington,David Baker,Director,1,4,14,30,1653,1492,1989,2012,
,,U of Washington,Charles Murry,Director,1,4,70,204,27624,20123,1986,,
,,U of Washington,Brian Ross,Director,1,4,13,44,1033,991,1976,2015,
,,U of Washington,Richard A Deyo,Director,1,4,113,480,51991,36330,1973,,
,,U of Washington,Jeffrey S Chamberlain,Director,1,4,66,242,14747,8652,1977,,
,,U of Washington,David Eschenbach,Director,1,4,70,249,18181,10460,1975,2016,
,,U of Washington,Dedra Buchwald,Director,2,4,55,361,10882,7554,1970,2017,
,,U of Washington,Mary Larimer,Director,2,4,51,186,9745,5772,1990,,
,,U of Washington,Bonnie Ramsey,Director,2,4,59,164,15257,8686,1979,2017,
,,U of Washington,Rita Mangione-Smith,Director,2,4,31,106,3116,2558,1992,,
,,U of Washington,Janna L Friedly,Director,2,4,15,46,807,657,2007,2017,
,,U of Washington,Ann Downer,Director,2,4,5,7,122,122,1988,2016,
,,U of Washington,Jodi Smith,Director,2,4,33,84,2980,2474,2000,2017,
,,U Pitt,Marshall W. Webster,Department Chair,1,3,38,128,5472,4327,1974,2011,
,,U Pitt,Michael J. Becich,Department Chair,1,3,36,158,6321,5617,1986,2017,
,,U Pitt,James D. Luketich,Department Chair,1,3,66,437,17998,14161,1989,,
,,U Pitt,Alexander Sorkin,Department Chair,1,3,52,133,8922,5998,1981,,
,,U Pitt,Derek C. Angus,Department Chair,1,3,85,460,46758,30703,1991,2017,
,,U Pitt,Louis Falo,Department Chair,1,3,34,91,6385,5229,1985,,
,,U Pitt,Donald M. Yealy,Department Chair,1,3,41,271,10145,8451,1988,,
,,U Pitt,Mark T. Gladwin,Department Chair,1,3,85,411,28886,13745,1996,2017,
,,U Pitt,Thomas E. Smithgall,Department Chair,1,3,45,156,6262,4228,1985,,
,,U Pitt,Peter Strick,Department Chair,1,3,67,133,25655,16320,1970,,
,,U Pitt,Robert M. Friedlander,Department Chair,1,3,51,208,12023,8629,1993,,
,,U Pitt,Lawrence Wechsler,Department Chair,1,3,60,216,20946,16423,1979,,
,,U Pitt,Robert Edwards,Department Chair,1,3,56,296,12773,11219,1988,2017,
,,U Pitt,Robert L. Hendricks,Department Chair,1,3,35,99,4527,2756,1984,2017,
,,U Pitt,George K. Michalopoulos,Department Chair,1,3,76,318,23740,15548,1975,2017,
,,U Pitt,J. Peter Rubin,Department Chair,1,3,40,199,6029,4448,1996,2017,
,,U Pitt,David A. Lewis,Department Chair,1,3,90,392,30780,17732,1982,,
,,U Pitt,Joel S. Greenberger,Department Chair,1,3,61,451,16392,12001,1973,2017,
,,U Pitt,Jules Sumkin,Department Chair,1,3,33,120,3141,2776,1988,2017,
,,U Pitt,Timothy R. Billiar,Department Chair,1,3,111,700,46151,30803,1984,2017,
,,U Pitt,Joel B. Nelson,Department Chair,1,3,51,215,11572,8962,1991,,
,,U Pitt,Ivet Bahar,Department Chair,2,3,60,274,13446,7008,1985,2017,
,,U Pitt,Cecilia Lo,Department Chair,2,3,46,164,6759,4968,1983,2017,
,,U Pitt,Gwendolyn A Sowa,Department Chair,2,3,23,90,1634,1194,2003,2017,
,,U Pitt,William E Klunk,Director,1,4,76,224,30206,16117,1980,,
,,U Pitt,Oscar L Lopez,Director,1,4,82,414,27678,20005,1989,2017,
,,U Pitt,Joseph E. Losee,Director,1,4,28,174,2472,2060,1996,,
,,U Pitt,Simon Watkins,Director,1,4,108,808,43006,37192,1981,,
,,U Pitt,Parthasarathy Thirumala,Director,1,4,9,73,352,233,2011,,
,,U Pitt,Tudor Jovin,Director,1,4,41,223,12923,6046,2000,,
,,U Pitt,Brian Jankowitz,Director,1,4,16,92,2445,2273,2005,,
,,U Pitt,Michael Fine,Director,1,4,71,292,23948,14239,1986,2017,
,,U Pitt,L Dade Lunsford,Director,1,4,88,516,24489,12585,1977,2013,
,,U Pitt,Alan F Sved,Director,1,4,54,227,9805,6442,1977,,
,,U Pitt,Mark Roberts,Director,1,4,43,208,6852,6214,1988,2017,
,,U Pitt,Steven E. Reis,Director,1,4,46,169,10080,8005,1991,2017,
,,U Pitt,Raymond F. Sekula,Director,1,4,12,63,596,525,1998,,
,,U Pitt,Raymond A Frizzell,Director,1,4,65,229,13699,9101,1970,2017,
,,U Pitt,Paul A Gardner,Director,1,4,48,272,8305,3265,2002,2017,
,,U Pitt,Carl H Snyderman,Director,1,4,61,416,14383,6832,1986,,
,,U Pitt,J Timothy Greenamyre,Director,1,4,72,199,18522,12510,1982,,
,,U Pitt,R Mark Richardson,Director,1,4,19,68,954,757,2004,,
,,U Pitt,Fadi G Lakkis,Director,1,4,39,139,4783,3594,1987,,
,,U Pitt,Robert L. Ferris,Director,1,4,55,314,11069,8402,1996,,
,,U Pitt,Mark Gladwin,Director,1,4,85,411,28886,13745,1996,2017,
,,U Pitt,Sally Wenzel,Director,2,4,85,334,27257,15647,1986,2017,
,,UBC,Donald Brooks,Acting Department Head,1,3,47,182,6719,4835,1967,2017,
,,UBC,Diane Lacaille,Co-Acting Head,2,3,33,99,3421,2685,1988,,
,,UBC,Andrea Townson,Co-Acting Head,2,3,16,44,826,725,2001,2017,
,,UBC,Teresa Tsang,Co-Acting Head,2,3,43,93,8884,6052,1995,,
,,UBC,Martin Schechter,Co-Director,1,4,61,365,14016,10062,1984,,
,,UBC,Nadine Caron,Co-Director,2,4,12,29,525,473,1996,,
,,UBC,Geoffrey Cundiff,Department Head,1,3,41,136,6632,5054,1994,2017,
,,UBC,Martin Gleave,Department Head,1,3,86,521,23710,15584,1987,,
,,UBC,Gary Redekop,Department Head,1,3,16,34,1237,1210,1990,2012,
,,UBC,Bruce Forster,Department Head,1,3,22,128,2362,2239,1989,2017,
,,UBC,Michael Allard,Department Head,1,3,37,94,3475,2643,1987,2016,
,,UBC,David Maberley,Department Head,1,3,21,87,1585,1393,1994,,
,,UBC,Bassam Masri,Department Head,1,3,54,292,8922,6198,1993,,
,,UBC,Marco Marra,Department Head,1,3,109,385,86982,70444,1993,2017,
,,UBC,Jim Christenson,Department Head,1,3,38,124,4711,3327,1992,,
,,UBC,Jan Dutz,Department Head,1,3,33,127,3963,3608,1989,,
,,UBC,Roanne Preston,Department Head,2,3,11,34,1076,1025,1992,2015,
,,UBC,Susan Forwell,Department Head,2,3,8,40,235,219,1991,,
,,UBC,Allison Eddy,Department Head,2,3,45,109,7522,5815,1983,2017,
,,UBC,Susan Murphy,Department Head,2,3,9,24,473,466,1985,2015,
,,UBC,William G. Honer,Department Head / Director,1,3,53,334,10484,8219,1983,,
,,UBC,Peter Zandstra,Director,1,4,52,161,8801,6520,1992,,
,,UBC,Jeff Small,Director,1,4,13,26,553,416,1997,2016,
,,UBC,Fabio Rossi,Director,1,4,38,94,6603,5765,1990,,
,,UBC,Ed Conway,Director,1,4,38,110,6655,5570,1986,2017,
,,UBC,Ian Scott,Director,1,4,11,35,492,417,2000,2017,
,,UBC,Aslam Anis,Director,1,4,50,212,7893,6653,1992,,
,,UBC,Pierre Guy,Director,1,4,23,99,1919,1676,1996,,
,,UBC,Karim Khan,Director,1,4,65,300,13368,8517,1991,,
,,UBC,Jon Stoessl,Director,1,4,54,268,14725,10585,1976,2017,
,,UBC,Brian MacVicar,Director,1,4,55,144,9656,7105,1979,,
,,UBC,Wolfram Tetzlaff,Director,1,4,54,176,11381,8569,1975,,
,,UBC,Keith Walley,Director,1,4,49,245,10068,7774,1982,,
,,UBC,Mark Tyndall,Director,1,4,59,234,10668,6028,1992,,
,,UBC,Amanda Bradley,Director,2,4,13,18,597,466,1994,2008,
,,UBC,Michael Gold,Interim Co-Director,1,4,41,92,5624,4588,1986,2017,
,,UBC,Morgan Price,Interim Co-Head,1,3,8,51,356,306,1997,2017,
,,UBC,Louise Nasmith,Interim Co-Head,2,3,12,46,395,369,1993,2017,
,,UBC,Christie Newton,Interim Co-Head / Director,2,3,3,8,42,42,2008,2015,
,,UBC,Edwin Moore,Interim Department Head / Interim Co-Director,1,3,24,61,2045,1786,1980,2017,
,,UBC,Leonard Foster,Interim Department Head / Interim Co-Director,1,3,44,186,8486,7192,1998,2017,
,,UBC,Blair Leavitt,Interim Director,1,4,58,187,13951,7752,1988,,
,,UBC,Sabrina Wong,Interim Director,2,4,21,116,1726,1587,1998,2017,
,,UBC,Kimberly Schonert-Reichl,Interim Director,2,4,16,48,1438,1285,1992,,
,,UC San Diego,Vivian Reznik,Assistant Vice Chancellor,2,3,20,90,1383,1219,1980,2016,
,,UC San Diego,Gary Firestein,Associate Vice Chancellor,1,3,76,292,22894,16838,1973,,
,,UC San Diego,Andrew L. Ries,Associate Vice Chancellor,1,3,41,115,8172,6138,1979,,
,,UC San Diego,Gerard R. Manecke,Department Chair,1,3,13,50,1243,1108,1989,2017,
,,UC San Diego,Don W. Cleveland,Department Chair,1,3,121,371,53072,30816,1976,2017,
,,UC San Diego,Richard Gallo,Department Chair,1,3,85,344,28939,17679,1984,,
,,UC San Diego,Ted Chan,Department Chair,1,3,32,216,3317,2787,1995,2017,
,,UC San Diego,Wolfgang Dillmann,Department Chair,1,3,64,215,13797,10293,1975,2016,
,,UC San Diego,James B. Brewer,Department Chair,1,3,31,89,4858,3814,1997,2017,
,,UC San Diego,Alexander A Khalessi,Department Chair,1,3,11,70,948,895,2004,2017,
,,UC San Diego,Robert N Weinreb,Department Chair,1,3,91,869,33144,15268,1979,2017,
,,UC San Diego,Steven R Garfin,Department Chair,1,3,60,327,11824,9866,1977,2017,
,,UC San Diego,Steven L Gonias,Department Chair,1,3,52,225,8856,5803,1978,,
,,UC San Diego,Gabriel Haddad,Department Chair,1,3,55,297,11211,8285,1977,2017,
,,UC San Diego,Igor Grant,Department Chair,1,3,86,667,33480,18983,1973,2017,
,,UC San Diego,Arno J Mundt,Department Chair,1,3,44,190,6150,4063,1993,,
,,UC San Diego,Alexander Norbash,Department Chair,1,3,41,154,4693,4379,1991,,
,,UC San Diego,Charles Nager,Department Chair,1,3,36,144,4005,2947,1987,,
,,UC San Diego,James H. McKerrow,Department Chair,1,3,75,363,18299,10187,1982,2017,
,,UC San Diego,Bryan Clary,Department Chair,1,3,49,155,8167,6984,1994,2017,
,,UC San Diego,Christopher Kane,Department Chair,1,3,53,321,9710,7991,1995,,
,,UC San Diego,Lucila Ohno-Machado,Department Chair,2,3,34,296,5940,5336,1993,,
,,UC San Diego,Cheryl Anderson,Department Chair,2,3,28,128,3592,3262,1998,,
,,UC San Diego,Joan Heller Brown,Department Chair,2,3,74,229,17234,11932,1972,2017,
,,UC San Diego,Dilip V. Jeste,Director,1,4,86,561,28535,19099,1969,2017,
,,UC San Diego,Shu Chien,Director,1,4,79,369,21935,15407,1988,2017,
,,UC San Diego,James B Brewer,Director,1,4,31,89,4858,3814,1997,2017,
,,UC San Diego,Jeffrey D Esko,Director,1,4,72,253,19539,12503,1976,,
,,UC San Diego,Ajit Varki,Director,1,4,98,405,34450,20571,1979,2017,
,,UC San Diego,Robert K Heaton,Director,1,4,87,411,28628,16855,1974,2017,
,,UC San Diego,Lars Bode,Director,1,4,22,63,1869,1184,2004,2017,
,,UC San Diego,Anders M Dale,Director,1,4,110,500,64202,33825,1993,,
,,UC San Diego,Kelly A Frazer,Director,2,4,50,117,20387,16809,1988,,
,,UC San Diego,Anita Raj,Director,2,4,39,191,5713,4067,1995,2017,
,,UCLA,Siavash Kurdistani,Department Chair,1,3,28,56,4713,3714,1995,2017,
,,UCLA,Eleazar Eskin,Department Chair,1,3,45,224,10608,8793,1999,,
,,UCLA,Leonid Kruglyak,Department Chair,1,3,71,162,36525,28350,1987,2017,
,,UCLA,Jerome Zack,Department Chair,1,3,58,187,14190,10545,1982,2017,
,,UCLA,Michael Phelps,Department Chair,1,3,126,691,61167,36350,1971,2017,
,,UCLA,Paul Micevych,Department Chair,1,3,50,179,7132,4349,1979,2017,
,,UCLA,Stephen Cannon,Department Chair,1,3,40,93,4909,3328,1982,2017,
,,UCLA,Aman Mahajan,Department Chair,1,3,20,110,1333,943,1998,2017,
,,UCLA,Greg Hendey,Department Chair,1,3,20,79,1261,1118,1989,2017,
,,UCLA,Patrick Dowling,Department Chair,1,3,9,28,301,300,1987,2017,
,,UCLA,Alan Fogelman,Department Chair,1,3,85,302,29260,16746,1966,,
,,UCLA,Thomas Carmichael,Department Chair,1,3,39,108,9102,6520,1991,2017,
,,UCLA,Bartly Mondino,Department Chair,1,3,38,184,4562,3316,1976,2016,
,,UCLA,Francis J. Hornicek,Department Chair,1,3,46,348,8588,6849,1983,,
,,UCLA,Jonathan Braun,Department Chair,1,3,5,5,117,117,1998,2007,
,,UCLA,Peter Whybrow,Department Chair,1,3,37,137,6255,4697,1966,,
,,UCLA,Michael Steinberg,Department Chair,1,3,16,111,1711,1534,2003,,
,,UCLA,Dieter Enzmann,Department Chair,1,3,49,243,8113,6949,1976,2017,
,,UCLA,Ronald Busuttil,Department Chair,1,3,95,819,35693,25665,1971,2017,
,,UCLA,Mark Litwin,Department Chair,1,3,65,363,17070,10940,1993,,
,,UCLA,Maie St. John,Department Chair,2,3,6,15,89,89,2008,2017,
,,UCLA,Linda Liau,Department Chair,2,3,53,196,12399,10022,1998,,
,,UCLA,Deborah Krakow,Department Chair,2,3,37,133,5147,3656,1994,,
,,UCLA,Sherin Devaskar,Department Chair,2,3,39,160,4602,3257,1981,,
,,UCLA,Irvin Chen,Director,1,4,71,224,17049,12234,1983,2017,
,,UCLA,Felix E. Schweizer,Director,1,4,22,50,2103,1925,1987,2017,
,,UCLA,Steve Dubinett,Director,1,4,56,220,11404,8657,1987,,
,,UCLA,Daniel H. Geschwind,Director,1,4,105,454,44653,29193,1989,,
,,UCLA,Owen Witte,Director,1,4,98,393,30849,18348,1973,2017,
,,UCLA,Michael A. Teitell,Director,1,4,45,183,6954,5907,1991,,
,,UCLA,Thomas Coates,Director,1,4,76,362,19657,13728,1976,2017,
,,UCLA,Luisa Iruela-Arispe,Director,2,4,61,164,13377,10611,1989,,
,,UCLA,Sabeeha Merchant,Director,2,4,55,161,9601,5811,1981,2017,
,,UCLA,Susan Y. Bookheimer,Director,2,4,66,258,18379,14757,1993,,
,,UCSF,Allan Basbaum,Department Chair,1,3,98,311,38364,24878,1973,2017,
,,UCSF,Michael Gropper,Department Chair,1,3,33,118,3867,3383,1983,2017,
,,UCSF,Jeremy Reiter,Department Chair,1,3,29,65,5114,3279,1999,,
,,UCSF,Wendell Lim,Department Chair,1,3,66,130,15197,11169,1989,2017,
,,UCSF,Peter Sokolove,Department Chair,1,3,16,36,954,839,1994,2014,
,,UCSF,Kevin Grumbach,Department Chair,1,3,49,199,14882,12609,1989,2017,
,,UCSF,Clifford A Lowell,Department Chair,1,3,69,204,14270,9778,1994,,
,,UCSF,Robert M Wachter,Department Chair,1,3,48,242,7888,5751,1984,2017,
,,UCSF,Lewis Lanier,Department Chair,1,3,131,463,58459,32229,1978,2017,
,,UCSF,Mitchel Berger,Department Chair,1,3,99,475,37441,23891,1985,2017,
,,UCSF,S. Andrew Josephson,Department Chair,1,3,27,145,2036,1890,2001,,
,,UCSF,Stephen D. McLeod,Department Chair,1,3,26,128,2528,2003,1990,2017,
,,UCSF,Thomas Vail,Department Chair,1,3,46,162,6311,5551,1991,,
,,UCSF,Andrew Murr,Department Chair,1,3,19,58,880,790,1991,2017,
,,UCSF,Abul Abbas,Department Chair,1,3,72,219,21343,17301,1973,2017,
,,UCSF,David Julius,Department Chair,1,3,70,120,39472,21877,1983,,
,,UCSF,Matthew State,Department Chair,1,3,52,137,13018,8750,1997,,
,,UCSF,Christopher Hess,Department Chair,1,3,24,116,2581,2162,2006,,
,,UCSF,Peter Carroll,Department Chair,1,3,102,719,38560,26108,1982,,
,,UCSF,Sharon Kaufman,Department Chair,2,3,22,48,1407,1162,1978,2014,
,,UCSF,Tejal Desai,Department Chair,2,3,56,260,10067,7015,1995,,
,,UCSF,Elena Gates,Department Chair,2,3,22,59,1462,1275,1988,,
,,UCSF,Kimberly Topp,Department Chair,2,3,21,43,1671,1504,1993,2017,
,,UCSF,Catherine Park,Department Chair,2,3,23,54,2537,2196,2000,,
,,UCSF,Brian Black,Director,1,4,43,81,7503,5416,1992,2017,
,,UCSF,Marco Conti,Director,1,4,74,259,17087,8474,1976,2017,
,,UCSF,Matthias Hebrok,Director,1,4,49,111,9080,6347,1994,,
,,UCSF,Alan Ashworth,Director,1,4,102,455,42536,28264,1982,2017,
,,UCSF,Neil Risch,Director,1,4,97,335,47383,35981,1977,2017,
,,UCSF,Stanley Prusiner,Director,1,4,143,600,72877,20317,1965,,
,,UCSF,Paul Volberding,Director,1,4,61,267,22650,17215,1977,2017,
,,UCSF,Arnold Kriegstein,Director,1,4,62,164,18661,12326,1974,2017,
,,UCSF,Atul Butte,Director,1,4,57,234,13669,11490,1999,,
,,UCSF,Richard Locksley,Director,1,4,87,231,33131,24904,1982,2017,
,,UCSF,Stephen Hauser,Director,1,4,83,388,25712,16568,1975,,
,,UCSF,Claire Brindis,Director,2,4,28,191,3706,3151,1986,,
,,UCSF,Nancy Adler,Director,2,4,65,288,18044,14035,1975,,
,,UCSF,Shelley Adler,Director,2,4,16,31,1197,1049,1994,,
,,Vanderbilt,Warren Sandberg,Department Chair,1,3,23,113,1725,1268,1995,,
,,Vanderbilt,Richard M Caprioli,Department Chair,1,3,80,413,22478,11376,1969,,
,,Vanderbilt,Kevin B Johnson,Department Chair,1,3,27,111,2811,2340,1992,2017,
,,Vanderbilt,Yu Shyr,Department Chair,1,3,76,425,22984,21299,1992,2017,
,,Vanderbilt,Ashish Shah,Department Chair,1,3,38,215,5240,4047,1994,,
,,Vanderbilt,Ian G Macara,Department Chair,1,3,72,202,17191,12677,1979,2017,
,,Vanderbilt,Corey Slovis,Department Chair,1,3,27,139,2205,2077,1982,,
,,Vanderbilt,Roland Eavey,Department Chair,1,3,35,151,3978,3402,1976,2017,
,,Vanderbilt,Reid C Thompson,Department Chair,1,3,66,297,13660,8611,1972,,
,,Vanderbilt,Dane Chetkovich,Department Chair,1,3,23,54,3285,2564,1991,,
,,Vanderbilt,Ronald D Alvarez,Department Chair,1,3,57,308,11459,8551,1987,2017,
,,Vanderbilt,Samuel McKenna,Department Chair,1,3,12,32,1309,1109,1987,2016,
,,Vanderbilt,Herbert S Schwartz,Department Chair,1,3,29,133,3161,2840,1985,,
,,Vanderbilt,Samuel A Santoro,Department Chair,1,3,50,141,8573,6595,1977,2016,
,,Vanderbilt,Dai H Chung,Department Chair,1,3,31,110,2519,2170,1991,2017,
,,Vanderbilt,J David Sweatt,Department Chair,1,3,92,235,26641,16024,1981,2017,
,,Vanderbilt,Jeffery S Johns,Department Chair,1,3,6,10,139,138,1999,2006,
,,Vanderbilt,Stephan Heckers,Department Chair,1,3,53,165,9280,7421,1989,,
,,Vanderbilt,Reed A. Omary,Department Chair,1,3,51,206,8540,5098,1991,,
,,Vanderbilt,Seth Karp,Department Chair,1,3,18,55,1966,1743,1996,2017,
,,Vanderbilt,Galen Perdikis,Department Chair,1,3,27,64,2609,2011,1993,2017,
,,Vanderbilt,R Daniel Beauchamp,Department Chair,1,3,50,159,9024,7826,1985,2017,
,,Vanderbilt,Jonathan C Nesbitt,Department Chair,1,3,32,60,3989,3438,1993,2017,
,,Vanderbilt,David F Penson,Department Chair,1,3,53,551,13367,11323,1992,,
,,Vanderbilt,Nancy J Brown,Department Chair,2,3,59,243,11156,8763,1989,2017,
,,Vanderbilt,Lisa Kachnic,Department Chair,2,3,37,137,4416,3907,1996,2017,
,,Vanderbilt,David Robertson,Director,1,4,72,466,20050,13604,1970,2017,
,,Vanderbilt,Keith G Meador,Director,1,4,34,83,4125,3565,1987,2017,
,,Vanderbilt,Scott A Guelcher,Director,1,4,31,111,2894,1954,1998,,
,,Vanderbilt,Paul A Newhouse,Director,1,4,43,126,5712,4582,1981,,
,,Vanderbilt,Kevin Niswender,Director,1,4,37,91,5992,4992,1990,2017,
,,Vanderbilt,Tom Elasy,Director,1,4,32,119,3746,3281,1995,2017,
,,Vanderbilt,Richard M Peek,Director,1,4,59,270,15781,9671,1995,,
,,Vanderbilt,David Michael Aronoff,Director,1,4,33,169,4115,3235,1997,,
,,Vanderbilt,Aaron Bowman,Director,1,4,24,74,2562,2031,1999,,
,,Vanderbilt,David H Wasserman,Director,1,4,48,228,8822,6424,1984,,
,,Vanderbilt,Mark Magnuson,Director,1,4,86,219,20794,15429,1975,2017,
,,Vanderbilt,Matthew Weinger,Director,1,4,30,159,3895,3256,1986,,
,,Vanderbilt,Jeffrey Rathmell,Director,1,4,51,131,13187,9775,1994,,
,,Vanderbilt,Timothy Sterling,Director,1,4,46,192,9300,7810,1993,2015,
,,Vanderbilt,John P Wikswo,Director,1,4,43,313,6902,4530,1974,2017,
,,Vanderbilt,Jennifer A Pietenpol,Director,2,4,57,130,16370,13612,1989,2017,
,,WUSTL,Alex Evers,Department Chair,1,3,31,115,3842,2969,1984,2017,
,,WUSTL,John Cooper,Department Chair,1,3,65,170,15014,10189,1982,2017,
,,WUSTL,David W Piston,Department Chair,1,3,52,197,11179,9167,1989,,
,,WUSTL,Jeffrey Milbrandt,Department Chair,1,3,85,247,25187,16171,1981,,
,,WUSTL,Stephen M. Beverley,Department Chair,1,3,72,255,14241,7939,1980,,
,,WUSTL,David Holtzman,Department Chair,1,3,119,534,50107,30512,1976,,
,,WUSTL,Azad Bonni,Department Chair,1,3,46,104,14512,12228,1993,2017,
,,WUSTL,George Macones,Department Chair,1,3,48,461,8813,7061,1993,,
,,WUSTL,Craig A. Buchman,Department Chair,1,3,34,160,3278,2414,1993,,
,,WUSTL,Chuck Zorumski,Department Chair,1,3,59,290,12512,9647,1981,2017,
,,WUSTL,Dennis E. Hallahan,Department Chair,1,3,58,206,10611,7858,1986,,
,,WUSTL,Richard L Wahl,Department Chair,1,3,87,568,29200,19600,1973,,
,,WUSTL,Timothy Eberlein,Department Chair,1,3,48,169,8515,7209,1981,2017,
,,WUSTL,Lilianna Solnica-Krezel,Department Chair,2,3,53,126,10549,6840,1988,2017,
,,WUSTL,Victoria Fraser,Department Chair,2,3,79,327,23053,16895,1981,2017,
,,WUSTL,Timothy D. McBride,Director,1,4,18,98,1117,973,1990,2017,
,,WUSTL,William Peck,Director,1,4,26,77,2641,2191,1960,2011,
,,WUSTL,Samuel Achilefu,Director,1,4,51,308,8284,5987,1990,,
,,WUSTL,Michael Wong,Director,1,4,33,94,3646,2412,1999,2017,
,,WUSTL,Pamela K Woodard,Director,2,4,44,213,8418,6754,1992,,
,,WUSTL,Jean Schaffer,Director,2,4,40,81,6977,4944,1994,,
,,WUSTL,Susan Dutcher,Director,2,4,32,102,5719,4059,1981,2017,
,,WUSTL,Nancy L Morrow-Howell,Director,2,4,28,140,2615,2025,1987,,
,,Yale,James E Rothman,Department Chair,1,3,103,279,40164,20472,1972,,
,,Yale,David G Schatz,Department Chair,1,3,57,167,13255,7797,1987,2017,
,,Yale,Michael J Caplan,Department Chair,1,3,49,177,7438,5699,1985,2017,
,,Yale,Jorge Galan,Department Chair,1,3,84,198,23416,12952,1985,2017,
,,Yale,Tamas L Horvath,Department Chair,1,3,82,381,24521,16535,1970,,
,,Yale,Antonio J Giraldez,Department Chair,1,3,26,40,5191,4112,2005,2017,
,,Yale,John Warner,Department Chair,1,3,10,28,400,339,1977,2014,
,,Yale,Mark Hochstrasser,Department Chair,1,3,59,147,15187,9801,1983,2017,
,,Yale,Pietro De Camilli,Department Chair,1,3,111,355,38039,21554,1974,2017,
,,Yale,Joseph Schlessinger,Department Chair,1,3,148,527,86355,53536,1972,2017,
,,Yale,Richard L Edelson,Department Chair,1,3,46,232,8518,4909,1973,2017,
,,Yale,Gary V Desir,Department Chair,1,3,27,70,2390,1344,1986,2017,
,,Yale,Brian R Smith,Department Chair,1,3,39,148,5178,4341,1979,2016,
,,Yale,David Hafler,Department Chair,1,3,104,438,40879,27521,1976,2017,
,,Yale,Murat Gunel,Department Chair,1,3,44,153,8485,6964,1995,,
,,Yale,Hugh S Taylor,Department Chair,1,3,53,279,8860,5339,1996,,
,,Yale,Lucian V Del Priore,Department Chair,1,3,35,132,4052,2907,1987,,
,,Yale,Jonathan N Grauer,Department Chair,1,3,36,251,4605,3772,1996,,
,,Yale,Jon S. Morrow,Department Chair,1,3,49,141,7999,5639,1978,2016,
,,Yale,Clifford Bogue,Department Chair,1,3,19,41,841,668,1992,2017,
,,Yale,John H Krystal,Department Chair,1,3,107,536,40478,27808,1983,,
,,Yale,Peter M Glazer,Department Chair,1,3,55,181,9781,6001,1985,,
,,Yale,Peter G Schulam,Department Chair,1,3,29,100,3417,2992,1990,2017,
,,Yale,Roberta L Hines,Department Chair,2,3,17,71,1432,1352,1985,2017,
,,Yale,Linda C Mayes,Department Chair,2,3,57,345,10771,6797,1982,,
,,Yale,Gail D'Onofrio,Department Chair,2,3,30,103,2579,1931,1992,,
,,Yale,Stephen M Strittmatter,Director,1,4,78,233,21675,12629,1980,,
,,Yale,Jordan S Pober,Director,1,4,92,359,34458,24613,1978,,
,,Yale,William C Sessa,Director,1,4,98,327,37044,25611,1985,,
,,Yale,Robert Sherwin,Director,1,4,85,399,28503,22061,1974,2017,
,,Yale,Haifan Lin,Director,1,4,49,107,9811,4873,1989,2017,
,,Yale,Charles S Fuchs,Director,1,4,115,655,51270,35921,1992,,
,,Yale,Mary I. O'Connor,Director,2,4,25,108,2052,1863,1989,2017,
,,Yale,Barbara Kazmierczak,Medical Director,2,4,24,46,1930,1570,1988,2017,
,,,,,,,,,,,,,